category,normal_boundary,defect_boundary,normal_max,defect_min,anomaly_threshold
bottle,0.00355095465201879,2.0823299884796143,0.0035990644246339,1.3068572282791138,0.9200
cable,0.0032530124764889403,2.344183087348938,0.0033758180215954,2.2009437084198,2.0300
capsule,0.003667118900921185,0.8532556295394897,0.0043047498911619,0.6965355277061462,0.8000
carpet,0.0026178582920692002,1.0454257726669312,0.0026696280110627,0.9439590573310852,1.1500
grid,0.00300464341416952,1.1894413828849792,0.0030447288881987,1.1057093143463137,1.1500
hazelnut,0.0038676468422635894,2.371672213077545,0.0043523302301764,2.251668691635132,1.8400
leather,0.0025088820140808598,1.4145801663398743,0.0026382834184914,1.0452165603637695,1.2000
metal_nut,0.00388466498116022,2.0155853033065796,0.0041328319348394,1.6114619970321655,1.5500
pill,0.0039005046593956184,1.4814409017562868,0.0042241029441356,1.3273013830184937,1.4500
screw,0.0035885777324437297,1.5123078227043152,0.00390529865399,1.2352776527404783,1.2200
tile,0.00243170157773415,1.5399929881095886,0.0025403448380529,1.4364402294158936,1.2700
toothbrush,0.00383817651309066,1.7239846587181091,0.0039943889714777,1.3360016345977783,1.2500
transistor,0.00351910151075565,1.797652781009674,0.0037085716612637,1.760870337486267,1.6500
wood,0.002567682473454535,2.02752086520195,0.0026899897493422,1.5002923011779783,1.3000
zipper,0.003075548936612835,1.2371448874473572,0.0032581284176558,0.9952966570854188,0.9200
