category,p10,p25,p50,p75,p90,p95
bottle,1.605947,2.720424,4.241071,10.594707,11.277105,11.717156
cable,5.064573,7.680963,9.869260,10.981346,11.728715,11.848294
capsule,0.000000,0.008968,0.049825,0.297951,1.060666,1.515864
carpet,0.636958,0.813138,1.656170,3.249063,4.198422,4.759845
grid,0.325255,0.376674,0.420520,1.120057,1.668925,1.851881
hazelnut,1.484973,1.576451,2.171357,4.547493,5.537309,5.877710
leather,0.234973,0.472337,0.878906,1.040836,1.640824,2.020189
metal_nut,1.185826,1.777742,2.535077,15.090880,38.648557,39.775391
pill,0.087293,0.376674,0.731425,1.606346,4.419244,11.582430
screw,0.000000,0.000000,0.051818,0.310906,0.429289,0.578962
tile,0.855190,3.988959,7.775630,12.307179,13.667690,16.115175
toothbrush,3.241390,5.033283,7.807518,10.018734,10.797194,11.056680
transistor,33.031130,33.388971,37.928492,44.282625,47.906768,49.114816
wood,0.243543,0.442443,3.101084,3.652144,4.671955,5.038465
zipper,0.993702,1.307398,1.763791,2.647182,4.080238,4.352579
